id,username_,namesurname,telnr1,telnr2,country,city,town,addresstext,orderid,itemcode,itemname,brand,category1,category2,category3,category4,amount,unitprice,linetotal,orderdate,ordertime,year_,month_,dayofweek_
1,O_CANKIRILI,Oðuz ÇANKIRILI,(542)1423748,(534)7378778,TÜRKÝYE,KASTAMONU,DADAY,MERKEZ MAH.KARDELEN SOKAK NO:130 98276 DADAY/KASTAMONU,1,1623,DOKME KIMYON 10 KG. ,NERGIS,GIDA,TUZ-BAHARAT,BAHARAT,KIMYON,2,13.0760,26.1520,2019-02-05,23:56:58.0000000,2019,02.ÞUB,02.SAL
2,O_CANKIRILI,Oðuz ÇANKIRILI,(542)1423748,(534)7378778,TÜRKÝYE,KASTAMONU,DADAY,MERKEZ MAH.KARDELEN SOKAK NO:130 98276 DADAY/KASTAMONU,1,7643,SILA TRUVA 1 NO CAYDANLIK,SILA,EV,MUTFAK GERECLERI,MUTFAK ESYA-GERECLERI,CAYDANLIK,5,59.5866,297.9330,2019-02-05,23:56:58.0000000,2019,02.ÞUB,02.SAL
3,O_CANKIRILI,Oðuz ÇANKIRILI,(542)1423748,(534)7378778,TÜRKÝYE,KASTAMONU,DADAY,MERKEZ MAH.KARDELEN SOKAK NO:130 98276 DADAY/KASTAMONU,1,1653,OB.D.FIR.NATURAL FRESH MED 40(2+1)*96*,ORAL B,KOZMETIK,AGIZ BAKIM,DIS FIRCALARI-IPLER,FIRCALAR,8,36.9253,295.4027,2019-02-05,23:56:58.0000000,2019,02.ÞUB,02.SAL
4,O_CANKIRILI,Oðuz ÇANKIRILI,(542)1423748,(534)7378778,TÜRKÝYE,KASTAMONU,DADAY,MERKEZ MAH.KARDELEN SOKAK NO:130 98276 DADAY/KASTAMONU,1,9524,BREF SOLID STICK PINE 40 GR*24*,BREF,TEMIZLIK,EV TEMIZLEYICILER,TUVALET TEMIZLEYICILER,KOKU GIDERICI,3,3.2519,9.7556,2019-02-05,23:56:58.0000000,2019,02.ÞUB,02.SAL
5,O_CANKIRILI,Oðuz ÇANKIRILI,(542)1423748,(534)7378778,TÜRKÝYE,KASTAMONU,DADAY,MERKEZ MAH.KARDELEN SOKAK NO:130 98276 DADAY/KASTAMONU,1,33802,OBA MAK.TEL SEHRIYE 500 GR *20*,OBA,GIDA,BAKLIYAT-MAKARNA,MAKARNA,SEHRIYE,1,1.1610,1.1610,2019-02-05,23:56:58.0000000,2019,02.ÞUB,02.SAL
6,O_CANKIRILI,Oðuz ÇANKIRILI,(542)1423748,(534)7378778,TÜRKÝYE,KASTAMONU,DADAY,MERKEZ MAH.KARDELEN SOKAK NO:130 98276 DADAY/KASTAMONU,1,7904,OYUNCAK METAL ARAB.SETI 5 PCS(DIE CAST) ,OYUNCAK,OYUNCAK,ZEKA GELISTIRICI,OYUNCAKLAR,BEBE OYUNCAK,9,23.2405,209.1649,2019-02-05,23:56:58.0000000,2019,02.ÞUB,02.SAL
7,Z_DALAMANLI,Zehra DALAMANLI,(505)7894264,(555)3738148,TÜRKÝYE,ÝSTANBUL,SULTANBEYLÝ,TURGUT REÝS MAH.MEHTER SOKAK NO:819 96429 SULTANBEYLÝ/ÝSTANBUL,2,29171,YOBO F405 CICITLI KORUKLU DOSYA,KIRTASIYELER,EV,KITAP-DERGI-KIRTASIYE,KIRTASIYE,KIRTASIYE GERECLERI,3,7.1096,21.3287,2019-04-26,14:05:37.0000000,2019,04.NÝS,05.CUM
8,Z_DALAMANLI,Zehra DALAMANLI,(505)7894264,(555)3738148,TÜRKÝYE,ÝSTANBUL,SULTANBEYLÝ,TURGUT REÝS MAH.MEHTER SOKAK NO:819 96429 SULTANBEYLÝ/ÝSTANBUL,2,2966,DALIN SAMP.125 ML KUCUK *48*,DALIN,BEBEK,BEBE MALZEMELERI,BEBEK BAKIM,BEBE SAMPUANLARI,6,8.1317,48.7900,2019-04-26,14:05:37.0000000,2019,04.NÝS,05.CUM
9,Z_DALAMANLI,Zehra DALAMANLI,(505)7894264,(555)3738148,TÜRKÝYE,ÝSTANBUL,SULTANBEYLÝ,TURGUT REÝS MAH.MEHTER SOKAK NO:819 96429 SULTANBEYLÝ/ÝSTANBUL,2,24751,OLUMU OZLEMEYEN ASKI ANLAYAMAZ,KITAPLAR,EV,KITAP-DERGI-KIRTASIYE,KITAP,KITAPLAR,2,4.1933,8.3866,2019-04-26,14:05:37.0000000,2019,04.NÝS,05.CUM
10,Z_DALAMANLI,Zehra DALAMANLI,(505)7894264,(555)3738148,TÜRKÝYE,ÝSTANBUL,SULTANBEYLÝ,TURGUT REÝS MAH.MEHTER SOKAK NO:819 96429 SULTANBEYLÝ/ÝSTANBUL,2,31831,SEK M.SUYU 1 LT KARISIK *12*,SEK,SOGUK ICECEKLER,GAZSIZ ICECEK,MEYVE SUYU,KARISIKLAR,1,3.4044,3.4044,2019-04-26,14:05:37.0000000,2019,04.NÝS,05.CUM
11,Z_DALAMANLI,Zehra DALAMANLI,(505)7894264,(555)3738148,TÜRKÝYE,ÝSTANBUL,SULTANBEYLÝ,TURGUT REÝS MAH.MEHTER SOKAK NO:819 96429 SULTANBEYLÝ/ÝSTANBUL,2,24933,FARMER KALEMUCU CAKMAKLI 05,KIRTASIYELER,EV,KITAP-DERGI-KIRTASIYE,KIRTASIYE,KIRTASIYE GERECLERI,2,2.0721,4.1443,2019-04-26,14:05:37.0000000,2019,04.NÝS,05.CUM
12,Z_DALAMANLI,Zehra DALAMANLI,(505)7894264,(555)3738148,TÜRKÝYE,ÝSTANBUL,SULTANBEYLÝ,TURGUT REÝS MAH.MEHTER SOKAK NO:819 96429 SULTANBEYLÝ/ÝSTANBUL,2,9496,BERRAK COCUK ATLET,BERRAK,BEBEK,TEKSTIL-GIYIM-AKSESUAR,CAMASIRLAR,COCUK CAMASIR,2,2.2500,4.5000,2019-04-26,14:05:37.0000000,2019,04.NÝS,05.CUM
13,Z_DALAMANLI,Zehra DALAMANLI,(505)7894264,(555)3738148,TÜRKÝYE,ÝSTANBUL,SULTANBEYLÝ,TURGUT REÝS MAH.MEHTER SOKAK NO:819 96429 SULTANBEYLÝ/ÝSTANBUL,2,34614,OMUR LEBLEBI SEKERI 250 GR ,OMUR,GIDA,BISKUVI-CEREZ,KURUYEMIS,DIGER KURUYEMIS,4,4.3802,17.5209,2019-04-26,14:05:37.0000000,2019,04.NÝS,05.CUM
14,Z_DALAMANLI,Zehra DALAMANLI,(505)7894264,(555)3738148,TÜRKÝYE,ÝSTANBUL,SULTANBEYLÝ,TURGUT REÝS MAH.MEHTER SOKAK NO:819 96429 SULTANBEYLÝ/ÝSTANBUL,2,8626,F 033 FLORA SUPURGELI FARAS TAKIMI,FLORA,TEMIZLIK,EV TEMIZLIK GERECLERI,TEMIZLIK BEZLERI VE SETLER,PASPAS,4,5.0872,20.3486,2019-04-26,14:05:37.0000000,2019,04.NÝS,05.CUM
15,Z_DALAMANLI,Zehra DALAMANLI,(505)7894264,(555)3738148,TÜRKÝYE,ÝSTANBUL,SULTANBEYLÝ,TURGUT REÝS MAH.MEHTER SOKAK NO:819 96429 SULTANBEYLÝ/ÝSTANBUL,2,44996,KITAP MATRIX VE FELSEFE ,KITAPLAR,EV,KITAP-DERGI-KIRTASIYE,KITAP,KITAPLAR,6,13.1827,79.0960,2019-04-26,14:05:37.0000000,2019,04.NÝS,05.CUM
16,Z_DALAMANLI,Zehra DALAMANLI,(505)7894264,(555)3738148,TÜRKÝYE,ÝSTANBUL,SULTANBEYLÝ,TURGUT REÝS MAH.MEHTER SOKAK NO:819 96429 SULTANBEYLÝ/ÝSTANBUL,2,34270,YAYLA NOHUT 1 KG KOCBASI *16*,YAYLA,GIDA,BAKLIYAT-MAKARNA,BAKLIYAT,NOHUTLAR,1,11.5255,11.5255,2019-04-26,14:05:37.0000000,2019,04.NÝS,05.CUM
17,F_HASLAK,Furkan HAÞLAK,(537)8918834,(537)5924679,TÜRKÝYE,ÝSTANBUL,ARNAVUTKÖY,YAVUZ SELÝM MAH.GÜRBÜZ SOKAK NO:575 119257 ARNAVUTKÖY/ÝSTANBUL,3,30019,CAYKUR  ORGANIK HEM.CAYI 400 GR KUTU *20*,CAYKUR,CAY-KAHVE-SEKER,GAZSIZ ICECEK,CAY,DOKME,2,24.9790,49.9581,2019-01-19,10:30:30.0000000,2019,01.OCK,06.CMT
18,F_HASLAK,Furkan HAÞLAK,(537)8918834,(537)5924679,TÜRKÝYE,ÝSTANBUL,ARNAVUTKÖY,YAVUZ SELÝM MAH.GÜRBÜZ SOKAK NO:575 119257 ARNAVUTKÖY/ÝSTANBUL,3,38017,GEZER BEBE KIZ TERLÝK GT5YBF.07305.01,GEZER,EV,TEKSTIL-GIYIM-AKSESUAR,AYAKKABI-TERLIK,AYAK GIYIM,6,23.0023,138.0136,2019-01-19,10:30:30.0000000,2019,01.OCK,06.CMT
19,F_HASLAK,Furkan HAÞLAK,(537)8918834,(537)5924679,TÜRKÝYE,ÝSTANBUL,ARNAVUTKÖY,YAVUZ SELÝM MAH.GÜRBÜZ SOKAK NO:575 119257 ARNAVUTKÖY/ÝSTANBUL,3,6345,PASTEL OJE 79,PASTEL,KOZMETIK,MAKYAJ,MAKYAJ MALZEMELERI,OJE,8,7.7529,62.0232,2019-01-19,10:30:30.0000000,2019,01.OCK,06.CMT
20,F_HASLAK,Furkan HAÞLAK,(537)8918834,(537)5924679,TÜRKÝYE,ÝSTANBUL,ARNAVUTKÖY,YAVUZ SELÝM MAH.GÜRBÜZ SOKAK NO:575 119257 ARNAVUTKÖY/ÝSTANBUL,3,38056,F 052 FLOSOFT S.SABUNL.FOTOSEL.800 ML,FLORA,TEMIZLIK,EV GERECLERI,EV PLASTIK GERECLERI,PLASTIK,4,55.1435,220.5740,2019-01-19,10:30:30.0000000,2019,01.OCK,06.CMT
21,F_HASLAK,Furkan HAÞLAK,(537)8918834,(537)5924679,TÜRKÝYE,ÝSTANBUL,ARNAVUTKÖY,YAVUZ SELÝM MAH.GÜRBÜZ SOKAK NO:575 119257 ARNAVUTKÖY/ÝSTANBUL,3,3918,CALGON  3X500 GR TOZ *10*,CALGON,DETERJAN,BULASIK YIKAMA,BULASIK MAKINASI URUNLERI,KIREC ONLEYICI,3,19.8382,59.5146,2019-01-19,10:30:30.0000000,2019,01.OCK,06.CMT
22,F_HASLAK,Furkan HAÞLAK,(537)8918834,(537)5924679,TÜRKÝYE,ÝSTANBUL,ARNAVUTKÖY,YAVUZ SELÝM MAH.GÜRBÜZ SOKAK NO:575 119257 ARNAVUTKÖY/ÝSTANBUL,3,3304,DR.OETKER PASTACI KREM.CIK. 60 GR*12,DROETKER,GIDA,UNLU MAMUL-TATLI,PASTA MALZEMELERI,,1,2.8271,2.8271,2019-01-19,10:30:30.0000000,2019,01.OCK,06.CMT
23,S_BAYAOGLU,Þeyda BAYAOÐLU,(533)2361881,(537)4128920,TÜRKÝYE,KARAMAN,AYRANCI,DEDE MAH.ÞAHABETTÝN HARPUT SOKAK NO:351 115921 AYRANCI/KARAMAN,4,38464,TICON OYUN HAMURU 6 RNK,KIRTASIYELER,EV,KITAP-DERGI-KIRTASIYE,KIRTASIYE,KIRTASIYE GERECLERI,2,1.2769,2.5538,2019-12-23,20:46:51.0000000,2019,12.ARA,01.PZT
24,F_DENIZALP,Fikret DENÝZALP,(533)4339562,(544)1803094,TÜRKÝYE,TEKÝRDAÐ,ÇERKEZKÖY,KAPAKLI-CUMHURÝYET MAH.KOSOVA SOKAK NO:338 110905 ÇERKEZKÖY/TEKÝRDAÐ,5,37859,KUTULU SUNGER ATAN TABANCA  NERF,OYUNCAK,OYUNCAK,ZEKA GELISTIRICI,OYUNCAKLAR,BEBE OYUNCAK,6,133.3737,800.2424,2019-08-26,20:02:52.0000000,2019,08.AGU,01.PZT
25,F_DENIZALP,Fikret DENÝZALP,(533)4339562,(544)1803094,TÜRKÝYE,TEKÝRDAÐ,ÇERKEZKÖY,KAPAKLI-CUMHURÝYET MAH.KOSOVA SOKAK NO:338 110905 ÇERKEZKÖY/TEKÝRDAÐ,5,9513,DOVE CREAM  BAR 90 GR EXT.FRESH*48*,DOVE,KOZMETIK,DUS-BANYO,KATI SABUNLAR,EL VE YUZ ,10,8.7386,87.3857,2019-08-26,20:02:52.0000000,2019,08.AGU,01.PZT
26,F_DENIZALP,Fikret DENÝZALP,(533)4339562,(544)1803094,TÜRKÝYE,TEKÝRDAÐ,ÇERKEZKÖY,KAPAKLI-CUMHURÝYET MAH.KOSOVA SOKAK NO:338 110905 ÇERKEZKÖY/TEKÝRDAÐ,5,9647,VERNEL MAX 1440 ML+PERWOL 1LT SIYAH *5*,VERNEL,DETERJAN,CAMASIR YIKAMA,CAMASIR YUMUSATICILAR,KONSANTRE,7,35.4094,247.8657,2019-08-26,20:02:52.0000000,2019,08.AGU,01.PZT
27,D_ALAS,Deniz ALAS,(541)1216112,(542)3014031,TÜRKÝYE,MERSÝN,BOZYAZI,TEKMEN-LÝMANAÐZI MAH.KARATAÞ SOKAK NO:636 95199 BOZYAZI/MERSÝN,6,27563,TOTAL SINO 13 TUSLU  MELODIKA  ,KIRTASIYELER,EV,KITAP-DERGI-KIRTASIYE,KIRTASIYE,KIRTASIYE GERECLERI,2,8.7421,17.4842,2019-08-14,00:01:28.0000000,2019,08.AGU,03.ÇAR
28,D_ALAS,Deniz ALAS,(541)1216112,(542)3014031,TÜRKÝYE,MERSÝN,BOZYAZI,TEKMEN-LÝMANAÐZI MAH.KARATAÞ SOKAK NO:636 95199 BOZYAZI/MERSÝN,6,23512,P.BA.AKDENIZ 3'LU OMLET TAVA,PASA BAHCE,EV,MUTFAK GERECLERI,MUTFAK ESYA-GERECLERI,TAVA,1,41.6383,41.6383,2019-08-14,00:01:28.0000000,2019,08.AGU,03.ÇAR
29,D_ALAS,Deniz ALAS,(541)1216112,(542)3014031,TÜRKÝYE,MERSÝN,BOZYAZI,TEKMEN-LÝMANAÐZI MAH.KARATAÞ SOKAK NO:636 95199 BOZYAZI/MERSÝN,6,33233,OLUME BOYUN EGMEYEN ADAM,KITAPLAR,EV,KITAP-DERGI-KIRTASIYE,KITAP,KITAPLAR,3,3.6591,10.9774,2019-08-14,00:01:28.0000000,2019,08.AGU,03.ÇAR
30,D_ALAS,Deniz ALAS,(541)1216112,(542)3014031,TÜRKÝYE,MERSÝN,BOZYAZI,TEKMEN-LÝMANAÐZI MAH.KARATAÞ SOKAK NO:636 95199 BOZYAZI/MERSÝN,6,16369,NAMALDI (RIB) 121 ERK.UZ.KOL.BEY.FANILA 2-M,NAMALDI,EV,TEKSTIL-GIYIM-AKSESUAR,CAMASIRLAR,ERKEK CAMASIR,10,18.0572,180.5718,2019-08-14,00:01:28.0000000,2019,08.AGU,03.ÇAR
31,D_ALAS,Deniz ALAS,(541)1216112,(542)3014031,TÜRKÝYE,MERSÝN,BOZYAZI,TEKMEN-LÝMANAÐZI MAH.KARATAÞ SOKAK NO:636 95199 BOZYAZI/MERSÝN,6,38717,FRITOLOY RUFFLES KETC.PARTI 144 GR *19*,FRITOLAY,GIDA,BISKUVI-CEREZ,CIPS,CIPSLER,5,6.4576,32.2881,2019-08-14,00:01:28.0000000,2019,08.AGU,03.ÇAR
32,D_ALAS,Deniz ALAS,(541)1216112,(542)3014031,TÜRKÝYE,MERSÝN,BOZYAZI,TEKMEN-LÝMANAÐZI MAH.KARATAÞ SOKAK NO:636 95199 BOZYAZI/MERSÝN,6,2600,COLGATE D.MAC.125 ML MISVAK BEY.*48*,COLGATE,KOZMETIK,AGIZ BAKIM,DIS MACUNLARI,MACUNLAR,7,7.0576,49.4033,2019-08-14,00:01:28.0000000,2019,08.AGU,03.ÇAR
33,D_ALAS,Deniz ALAS,(541)1216112,(542)3014031,TÜRKÝYE,MERSÝN,BOZYAZI,TEKMEN-LÝMANAÐZI MAH.KARATAÞ SOKAK NO:636 95199 BOZYAZI/MERSÝN,6,28336,KITAP YOLCU,KITAPLAR,EV,KITAP-DERGI-KIRTASIYE,KITAP,KITAPLAR,9,5.8821,52.9389,2019-08-14,00:01:28.0000000,2019,08.AGU,03.ÇAR
34,D_ALAS,Deniz ALAS,(541)1216112,(542)3014031,TÜRKÝYE,MERSÝN,BOZYAZI,TEKMEN-LÝMANAÐZI MAH.KARATAÞ SOKAK NO:636 95199 BOZYAZI/MERSÝN,6,38780,CLEAR MEN 350 ML S.DOK.KARS.ETK.*30*,CLEAR,KOZMETIK,DUS-BANYO,SAMPUANLAR,KREMSIZ SAMPUANLAR,3,10.7107,32.1320,2019-08-14,00:01:28.0000000,2019,08.AGU,03.ÇAR
35,D_ALAS,Deniz ALAS,(541)1216112,(542)3014031,TÜRKÝYE,MERSÝN,BOZYAZI,TEKMEN-LÝMANAÐZI MAH.KARATAÞ SOKAK NO:636 95199 BOZYAZI/MERSÝN,6,44431,DERGI HOME ART,DERGILER,EV,KITAP-DERGI-KIRTASIYE,DERGI,HAFTALIK,3,15.3325,45.9976,2019-08-14,00:01:28.0000000,2019,08.AGU,03.ÇAR
36,D_ALAS,Deniz ALAS,(541)1216112,(542)3014031,TÜRKÝYE,MERSÝN,BOZYAZI,TEKMEN-LÝMANAÐZI MAH.KARATAÞ SOKAK NO:636 95199 BOZYAZI/MERSÝN,6,59,ELMA MISKET,ELMA,MEYVE,MANAV,MANAV,MEYVELER,9,8.0592,72.5329,2019-08-14,00:01:28.0000000,2019,08.AGU,03.ÇAR
37,H_HASHASLI,Halil HAÞHAÞLI,(533)8502886,(542)4102316,TÜRKÝYE,BURSA,OSMANGAZÝ,MURADÝYE MAH.KAPTANLAR SOKAK NO:188 86039 OSMANGAZÝ/BURSA,7,24862,JACOBS CRONAT GOLD  45 GR POS.*12*,JACOBS,SICAK ICECEKLER,GUNLUK ICECEK,KAHVE,HAZIR KAHVELER,9,5.5828,50.2451,2020-03-19,02:29:31.0000000,2020,03.MAR,04.PER
38,H_HASHASLI,Halil HAÞHAÞLI,(533)8502886,(542)4102316,TÜRKÝYE,BURSA,OSMANGAZÝ,MURADÝYE MAH.KAPTANLAR SOKAK NO:188 86039 OSMANGAZÝ/BURSA,7,5438,CIF MIKROFIBER CAM BEZI *28*,CIF,TEMIZLIK,EV TEMIZLIK GERECLERI,TEMIZLIK BEZLERI VE SETLER,BEZ,4,12.8063,51.2251,2020-03-19,02:29:31.0000000,2020,03.MAR,04.PER
39,H_HASHASLI,Halil HAÞHAÞLI,(533)8502886,(542)4102316,TÜRKÝYE,BURSA,OSMANGAZÝ,MURADÝYE MAH.KAPTANLAR SOKAK NO:188 86039 OSMANGAZÝ/BURSA,7,2043,NEM DENGESI KURU/ÇOK KURU (Pembe),GARNIER ,KOZMETIK,KISISEL BAKIM,CILT BAKIM,TEMIZLEME JEL-KREM-PEELING,10,17.9891,179.8905,2020-03-19,02:29:31.0000000,2020,03.MAR,04.PER
40,H_HASHASLI,Halil HAÞHAÞLI,(533)8502886,(542)4102316,TÜRKÝYE,BURSA,OSMANGAZÝ,MURADÝYE MAH.KAPTANLAR SOKAK NO:188 86039 OSMANGAZÝ/BURSA,7,5927,SCRIKSS 78 TUKENMEZ KALEM SIYAH,KIRTASIYELER,EV,KITAP-DERGI-KIRTASIYE,KIRTASIYE,KIRTASIYE GERECLERI,10,1.2160,12.1598,2020-03-19,02:29:31.0000000,2020,03.MAR,04.PER
41,H_HASHASLI,Halil HAÞHAÞLI,(533)8502886,(542)4102316,TÜRKÝYE,BURSA,OSMANGAZÝ,MURADÝYE MAH.KAPTANLAR SOKAK NO:188 86039 OSMANGAZÝ/BURSA,7,40578,KITAP NAR KOKULU MASALLAR,KITAPLAR,EV,KITAP-DERGI-KIRTASIYE,KITAP,KITAPLAR,7,13.5968,95.1778,2020-03-19,02:29:31.0000000,2020,03.MAR,04.PER
42,H_HASHASLI,Halil HAÞHAÞLI,(533)8502886,(542)4102316,TÜRKÝYE,BURSA,OSMANGAZÝ,MURADÝYE MAH.KAPTANLAR SOKAK NO:188 86039 OSMANGAZÝ/BURSA,7,20208,MIMAKS BANT KESME MAKINASI ,KIRTASIYELER,EV,KITAP-DERGI-KIRTASIYE,KIRTASIYE,KIRTASIYE GERECLERI,4,7.6465,30.5860,2020-03-19,02:29:31.0000000,2020,03.MAR,04.PER
43,H_HASHASLI,Halil HAÞHAÞLI,(533)8502886,(542)4102316,TÜRKÝYE,BURSA,OSMANGAZÝ,MURADÝYE MAH.KAPTANLAR SOKAK NO:188 86039 OSMANGAZÝ/BURSA,7,28069,PANTHER MAKET BIÇAGI B*L208 ,KIRTASIYELER,EV,KITAP-DERGI-KIRTASIYE,KIRTASIYE,KIRTASIYE GERECLERI,6,1.3830,8.2982,2020-03-19,02:29:31.0000000,2020,03.MAR,04.PER
44,O_ZARA,Orhan ZARA,(544)3347248,(544)6913673,TÜRKÝYE,ANKARA,YENÝMAHALLE,BARIÞTEPE MAH.770. SOKAK NO:527 81257 YENÝMAHALLE/ANKARA,8,19784,GEZER NEO KLASIK MERDANE 5141000,GEZER,EV,TEKSTIL-GIYIM-AKSESUAR,AYAKKABI-TERLIK,AYAK GIYIM,5,4.5644,22.8222,2019-12-22,07:52:46.0000000,2019,12.ARA,07.PAZ
45,O_ZARA,Orhan ZARA,(544)3347248,(544)6913673,TÜRKÝYE,ANKARA,YENÝMAHALLE,BARIÞTEPE MAH.770. SOKAK NO:527 81257 YENÝMAHALLE/ANKARA,8,27548,MILUPA APTAMIL 500 GR TAHIL KARISIMI,MILUPA,BEBEK,HAZIR YEMEK-MAMA,HAZIR COCUK YEMEKLERI,HAZIR MAMALAR,7,18.7071,130.9498,2019-12-22,07:52:46.0000000,2019,12.ARA,07.PAZ
46,O_ZARA,Orhan ZARA,(544)3347248,(544)6913673,TÜRKÝYE,ANKARA,YENÝMAHALLE,BARIÞTEPE MAH.770. SOKAK NO:527 81257 YENÝMAHALLE/ANKARA,8,9609,PINAR SUT 500 ML KALSIYUM*12*,PINAR,KAHVALTILIK,SUT-YOGURT-PEYNIR,SUT,SADE,6,2.6677,16.0061,2019-12-22,07:52:46.0000000,2019,12.ARA,07.PAZ
47,O_ZARA,Orhan ZARA,(544)3347248,(544)6913673,TÜRKÝYE,ANKARA,YENÝMAHALLE,BARIÞTEPE MAH.770. SOKAK NO:527 81257 YENÝMAHALLE/ANKARA,8,17274,FATIH KIRMIZI KALEM,KIRTASIYELER,EV,KITAP-DERGI-KIRTASIYE,KIRTASIYE,KIRTASIYE GERECLERI,7,1.3519,9.4631,2019-12-22,07:52:46.0000000,2019,12.ARA,07.PAZ
48,O_ZARA,Orhan ZARA,(544)3347248,(544)6913673,TÜRKÝYE,ANKARA,YENÝMAHALLE,BARIÞTEPE MAH.770. SOKAK NO:527 81257 YENÝMAHALLE/ANKARA,8,13050,ALPELLA 1581-7 KARE BOL SUT.KRML.60 GR*72*,ULKER,SEKERLEME,CIKOLATA-GOFRET,CIKOLATA,TABLET CIKOLATA,10,1.4359,14.3592,2019-12-22,07:52:46.0000000,2019,12.ARA,07.PAZ
49,O_ZARA,Orhan ZARA,(544)3347248,(544)6913673,TÜRKÝYE,ANKARA,YENÝMAHALLE,BARIÞTEPE MAH.770. SOKAK NO:527 81257 YENÝMAHALLE/ANKARA,8,25694,PAKMAYA PASTA KREM.CIK.162 GR*12*,PAKMAYA,GIDA,UNLU MAMUL-TATLI,PASTA MALZEMELERI,KAKAO,4,5.4622,21.8489,2019-12-22,07:52:46.0000000,2019,12.ARA,07.PAZ
50,O_ZARA,Orhan ZARA,(544)3347248,(544)6913673,TÜRKÝYE,ANKARA,YENÝMAHALLE,BARIÞTEPE MAH.770. SOKAK NO:527 81257 YENÝMAHALLE/ANKARA,8,2187,KONTEYNER PORTAKAL FINIKE,PORTAKAL,MEYVE,MANAV,MANAV,MEYVELER,7,2.2285,15.5993,2019-12-22,07:52:46.0000000,2019,12.ARA,07.PAZ
51,D_TANTA,Didem TANTA,(542)1213517,(544)7853792,TÜRKÝYE,MERSÝN,MEZÝTLÝ,FINDIKPINARI-BEÞKOZ MAH.210. SOKAK NO:488 95080 MEZÝTLÝ/MERSÝN,9,23508,GURPAS 35X50 SPR.RESIM DEFTERI ,KIRTASIYELER,EV,KITAP-DERGI-KIRTASIYE,KIRTASIYE,KIRTASIYE GERECLERI,2,1.2278,2.4557,2020-01-15,01:59:44.0000000,2020,01.OCK,03.ÇAR
52,D_TANTA,Didem TANTA,(542)1213517,(544)7853792,TÜRKÝYE,MERSÝN,MEZÝTLÝ,FINDIKPINARI-BEÞKOZ MAH.210. SOKAK NO:488 95080 MEZÝTLÝ/MERSÝN,9,29817,PRT.SARAY TUZ IYOTLU SOF.TUZU 250 GR,SARAY,GIDA,TUZ-BAHARAT,TUZ,PAKET,5,2.0092,10.0459,2020-01-15,01:59:44.0000000,2020,01.OCK,03.ÇAR
53,D_TANTA,Didem TANTA,(542)1213517,(544)7853792,TÜRKÝYE,MERSÝN,MEZÝTLÝ,FINDIKPINARI-BEÞKOZ MAH.210. SOKAK NO:488 95080 MEZÝTLÝ/MERSÝN,9,5155,CALVE KETCAP ACILI 600 GR+MAYONEZ 540 GR *8*,CALVE,GIDA,HAZIR YEMEK-KONSERVE-SALCA,KETCAP-MAYONEZ,KETCAPLAR,8,27.4494,219.5953,2020-01-15,01:59:44.0000000,2020,01.OCK,03.ÇAR
54,H_HVSEYIN,Hasan Hüseyin ÖZÇAY,(538)7188798,(537)3709169,TÜRKÝYE,MERSÝN,TOROSLAR,ÇÝFTÇÝLER MAH.1106. SOKAK NO:80 119733 TOROSLAR/MERSÝN,10,18259,ULKER 866-04 ALBENI VIVA 36 GR *144*,ULKER,SEKERLEME,CIKOLATA-GOFRET,CIKOLATA,BAR VE KAPLAMALILAR,2,1.8212,3.6424,2019-02-24,21:36:22.0000000,2019,02.ÞUB,07.PAZ
55,H_HVSEYIN,Hasan Hüseyin ÖZÇAY,(538)7188798,(537)3709169,TÜRKÝYE,MERSÝN,TOROSLAR,ÇÝFTÇÝLER MAH.1106. SOKAK NO:80 119733 TOROSLAR/MERSÝN,10,27246,GENCLIK VE NAMAZ,KITAPLAR,EV,KITAP-DERGI-KIRTASIYE,KITAP,KITAPLAR,10,5.9061,59.0608,2019-02-24,21:36:22.0000000,2019,02.ÞUB,07.PAZ
56,H_HVSEYIN,Hasan Hüseyin ÖZÇAY,(538)7188798,(537)3709169,TÜRKÝYE,MERSÝN,TOROSLAR,ÇÝFTÇÝLER MAH.1106. SOKAK NO:80 119733 TOROSLAR/MERSÝN,10,20167,IPEK SALCA DOMATES 1 KG,IPEK,GIDA,HAZIR YEMEK-KONSERVE-SALCA,SALCA,DOMATES,8,6.4880,51.9039,2019-02-24,21:36:22.0000000,2019,02.ÞUB,07.PAZ
57,H_HVSEYIN,Hasan Hüseyin ÖZÇAY,(538)7188798,(537)3709169,TÜRKÝYE,MERSÝN,TOROSLAR,ÇÝFTÇÝLER MAH.1106. SOKAK NO:80 119733 TOROSLAR/MERSÝN,10,27853,GEZER 10698.01 PU ZENNE *12* ,GEZER,EV,TEKSTIL-GIYIM-AKSESUAR,AYAKKABI-TERLIK,AYAK GIYIM,10,15.2004,152.0042,2019-02-24,21:36:22.0000000,2019,02.ÞUB,07.PAZ
58,S_SOYDOGAN,Sevgi SOYDOÐAN,(505)9223972,(542)5406593,TÜRKÝYE,BÝLECÝK,BÝLECÝK MERKEZ,ERTUÐRULGAZÝ MAH.ELMALI SOKAK NO:523 84325 BÝLECÝK MERKEZ/BÝLECÝK,11,28286,LUKS,KITAPLAR,EV,KITAP-DERGI-KIRTASIYE,KITAP,KITAPLAR,7,5.7646,40.3519,2019-07-06,22:47:27.0000000,2019,07.TEM,06.CMT
59,S_SOYDOGAN,Sevgi SOYDOÐAN,(505)9223972,(542)5406593,TÜRKÝYE,BÝLECÝK,BÝLECÝK MERKEZ,ERTUÐRULGAZÝ MAH.ELMALI SOKAK NO:523 84325 BÝLECÝK MERKEZ/BÝLECÝK,11,4591,PENSAN MY-PEN VISION RENKLI KALEM,KIRTASIYELER,EV,KITAP-DERGI-KIRTASIYE,KIRTASIYE,KIRTASIYE GERECLERI,2,1.3812,2.7624,2019-07-06,22:47:27.0000000,2019,07.TEM,06.CMT
60,S_SOYDOGAN,Sevgi SOYDOÐAN,(505)9223972,(542)5406593,TÜRKÝYE,BÝLECÝK,BÝLECÝK MERKEZ,ERTUÐRULGAZÝ MAH.ELMALI SOKAK NO:523 84325 BÝLECÝK MERKEZ/BÝLECÝK,11,13020,KIRTA.PLUS K.MAVI ZIMBA ,KIRTASIYELER,EV,KITAP-DERGI-KIRTASIYE,KIRTASIYE,KIRTASIYE GERECLERI,2,1.0716,2.1433,2019-07-06,22:47:27.0000000,2019,07.TEM,06.CMT
61,S_SOYDOGAN,Sevgi SOYDOÐAN,(505)9223972,(542)5406593,TÜRKÝYE,BÝLECÝK,BÝLECÝK MERKEZ,ERTUÐRULGAZÝ MAH.ELMALI SOKAK NO:523 84325 BÝLECÝK MERKEZ/BÝLECÝK,11,38113,GEZER TERLIK FILET BABET 6451000,GEZER,EV,TEKSTIL-GIYIM-AKSESUAR,AYAKKABI-TERLIK,AYAK GIYIM,2,8.4926,16.9852,2019-07-06,22:47:27.0000000,2019,07.TEM,06.CMT
62,S_SOYDOGAN,Sevgi SOYDOÐAN,(505)9223972,(542)5406593,TÜRKÝYE,BÝLECÝK,BÝLECÝK MERKEZ,ERTUÐRULGAZÝ MAH.ELMALI SOKAK NO:523 84325 BÝLECÝK MERKEZ/BÝLECÝK,11,41346,SAKARYA,KITAPLAR,EV,KITAP-DERGI-KIRTASIYE,KITAP,KITAPLAR,2,9.0909,18.1817,2019-07-06,22:47:27.0000000,2019,07.TEM,06.CMT
63,N_TEPKI,Neriman TEPKÝ,(543)7174397,(543)7929048,TÜRKÝYE,BURSA,YILDIRIM,ÇINARÖNÜ MAH.1.AKDENÝZ SOKAK NO:57 86165 YILDIRIM/BURSA,12,31954,CANTA BOY KURANI KERIM MEALI ,KITAPLAR,EV,KITAP-DERGI-KIRTASIYE,KITAP,KITAPLAR,7,13.5729,95.0103,2020-02-11,12:23:35.0000000,2020,02.ÞUB,02.SAL
64,N_TEPKI,Neriman TEPKÝ,(543)7174397,(543)7929048,TÜRKÝYE,BURSA,YILDIRIM,ÇINARÖNÜ MAH.1.AKDENÝZ SOKAK NO:57 86165 YILDIRIM/BURSA,12,35775,OYUNCAK CIFTLIK DUNYASI YUMURTALI ,OYUNCAK,OYUNCAK,ZEKA GELISTIRICI,OYUNCAKLAR,BEBE OYUNCAK,8,25.8732,206.9855,2020-02-11,12:23:35.0000000,2020,02.ÞUB,02.SAL
65,N_TEPKI,Neriman TEPKÝ,(543)7174397,(543)7929048,TÜRKÝYE,BURSA,YILDIRIM,ÇINARÖNÜ MAH.1.AKDENÝZ SOKAK NO:57 86165 YILDIRIM/BURSA,12,8808,HIÇ ASKI FENA,KITAPLAR,EV,KITAP-DERGI-KIRTASIYE,KITAP,KITAPLAR,3,8.9635,26.8906,2020-02-11,12:23:35.0000000,2020,02.ÞUB,02.SAL
66,N_TEPKI,Neriman TEPKÝ,(543)7174397,(543)7929048,TÜRKÝYE,BURSA,YILDIRIM,ÇINARÖNÜ MAH.1.AKDENÝZ SOKAK NO:57 86165 YILDIRIM/BURSA,12,23721,NFC BB CLEAN TEMIZLEME SUYU 200ML,NIVEA,KOZMETIK,KISISEL BAKIM,CILT BAKIM,TEMIZLEME JEL-KREM-PEELING,7,12.6593,88.6150,2020-02-11,12:23:35.0000000,2020,02.ÞUB,02.SAL
67,N_TEPKI,Neriman TEPKÝ,(543)7174397,(543)7929048,TÜRKÝYE,BURSA,YILDIRIM,ÇINARÖNÜ MAH.1.AKDENÝZ SOKAK NO:57 86165 YILDIRIM/BURSA,12,29718,ETI FORM KRAKER PORTAKAL 30 GR *20*,ETI,GIDA,BISKUVI-CEREZ,BISKUVI,FORM BISKUVI,6,0.4548,2.7287,2020-02-11,12:23:35.0000000,2020,02.ÞUB,02.SAL
68,N_TEPKI,Neriman TEPKÝ,(543)7174397,(543)7929048,TÜRKÝYE,BURSA,YILDIRIM,ÇINARÖNÜ MAH.1.AKDENÝZ SOKAK NO:57 86165 YILDIRIM/BURSA,12,15473,SLEEPY ISLAK HAV. 3X50'LI GUL *12*,SLEEPY,KAGIT,ISLAK MENDIL-HAVLULAR,ISLAK HAVLU,BEYAZ,3,11.8949,35.6847,2020-02-11,12:23:35.0000000,2020,02.ÞUB,02.SAL
69,N_TEPKI,Neriman TEPKÝ,(543)7174397,(543)7929048,TÜRKÝYE,BURSA,YILDIRIM,ÇINARÖNÜ MAH.1.AKDENÝZ SOKAK NO:57 86165 YILDIRIM/BURSA,12,16942,CANPED MESANE PEDI ORTA 12'LI *12*,CANPED,KAGIT,HASTA BAKIM,HASTA BAKIM URUNLERI,KULOTLU PED,6,23.0394,138.2363,2020-02-11,12:23:35.0000000,2020,02.ÞUB,02.SAL
70,N_TEPKI,Neriman TEPKÝ,(543)7174397,(543)7929048,TÜRKÝYE,BURSA,YILDIRIM,ÇINARÖNÜ MAH.1.AKDENÝZ SOKAK NO:57 86165 YILDIRIM/BURSA,12,20223,OYUNCAK NILOYA CAMASIR MAKINASI VE UTU ,OYUNCAK,OYUNCAK,ZEKA GELISTIRICI,OYUNCAKLAR,BEBE OYUNCAK,1,65.5498,65.5498,2020-02-11,12:23:35.0000000,2020,02.ÞUB,02.SAL
71,M_KVCVKBAS,Mete KÜÇÜKBAÞ,(505)8659255,(538)4484023,TÜRKÝYE,KASTAMONU,AZDAVAY,BAHÇELÝEVLER MAH.AYANOÐLU SOKAK NO:526 98049 AZDAVAY/KASTAMONU,13,36219,SEKER LILI INGILIZCE OGRENELIM,KITAPLAR,EV,KITAP-DERGI-KIRTASIYE,KITAP,KITAPLAR,4,2.5644,10.2576,2019-09-02,11:29:28.0000000,2019,09.EYL,01.PZT
72,M_KVCVKBAS,Mete KÜÇÜKBAÞ,(505)8659255,(538)4484023,TÜRKÝYE,KASTAMONU,AZDAVAY,BAHÇELÝEVLER MAH.AYANOÐLU SOKAK NO:526 98049 AZDAVAY/KASTAMONU,13,19630,TERLIK GEZER BEBE AYAKKABI            ,TERLIK,EV,TEKSTIL-GIYIM-AKSESUAR,AYAKKABI-TERLIK,AYAK GIYIM,5,13.7730,68.8649,2019-09-02,11:29:28.0000000,2019,09.EYL,01.PZT
73,M_KVCVKBAS,Mete KÜÇÜKBAÞ,(505)8659255,(538)4484023,TÜRKÝYE,KASTAMONU,AZDAVAY,BAHÇELÝEVLER MAH.AYANOÐLU SOKAK NO:526 98049 AZDAVAY/KASTAMONU,13,26112,PERI MASALLARI HAZINESI / 12 KITAP ,KITAPLAR,EV,KITAP-DERGI-KIRTASIYE,KITAP,KITAPLAR,8,0.8271,6.6165,2019-09-02,11:29:28.0000000,2019,09.EYL,01.PZT
74,M_KVCVKBAS,Mete KÜÇÜKBAÞ,(505)8659255,(538)4484023,TÜRKÝYE,KASTAMONU,AZDAVAY,BAHÇELÝEVLER MAH.AYANOÐLU SOKAK NO:526 98049 AZDAVAY/KASTAMONU,13,24054,ULKER 286-5 DIDO 3 LU 114 GR*24* ,ULKER,SEKERLEME,CIKOLATA-GOFRET,CIKOLATA,BAR VE KAPLAMALILAR,8,1.9559,15.6470,2019-09-02,11:29:28.0000000,2019,09.EYL,01.PZT
75,M_KVCVKBAS,Mete KÜÇÜKBAÞ,(505)8659255,(538)4484023,TÜRKÝYE,KASTAMONU,AZDAVAY,BAHÇELÝEVLER MAH.AYANOÐLU SOKAK NO:526 98049 AZDAVAY/KASTAMONU,13,18916,SERVE SWELL VERSATIL 07 ,KIRTASIYELER,EV,KITAP-DERGI-KIRTASIYE,KIRTASIYE,KIRTASIYE GERECLERI,4,1.5486,6.1944,2019-09-02,11:29:28.0000000,2019,09.EYL,01.PZT
76,M_KVCVKBAS,Mete KÜÇÜKBAÞ,(505)8659255,(538)4484023,TÜRKÝYE,KASTAMONU,AZDAVAY,BAHÇELÝEVLER MAH.AYANOÐLU SOKAK NO:526 98049 AZDAVAY/KASTAMONU,13,12717,H&SHOULDERS 400 ML HAS.SAC.DERISI *6*,H&SHOULDERS,KOZMETIK,DUS-BANYO,SAMPUANLAR,KREMSIZ SAMPUANLAR,6,12.0753,72.4519,2019-09-02,11:29:28.0000000,2019,09.EYL,01.PZT
77,M_KVCVKBAS,Mete KÜÇÜKBAÞ,(505)8659255,(538)4484023,TÜRKÝYE,KASTAMONU,AZDAVAY,BAHÇELÝEVLER MAH.AYANOÐLU SOKAK NO:526 98049 AZDAVAY/KASTAMONU,13,4837,ULKER ICIM KASAR  2000 GR *5*,ICIM,KAHVALTILIK,SUT-YOGURT-PEYNIR,PEYNIRLER,KASAR PEYNIRLER,2,51.4010,102.8020,2019-09-02,11:29:28.0000000,2019,09.EYL,01.PZT
78,M_KVCVKBAS,Mete KÜÇÜKBAÞ,(505)8659255,(538)4484023,TÜRKÝYE,KASTAMONU,AZDAVAY,BAHÇELÝEVLER MAH.AYANOÐLU SOKAK NO:526 98049 AZDAVAY/KASTAMONU,13,26920,SUDOR YUZ BOYASI 6LI,KIRTASIYELER,EV,KITAP-DERGI-KIRTASIYE,KIRTASIYE,KIRTASIYE GERECLERI,2,36.1691,72.3381,2019-09-02,11:29:28.0000000,2019,09.EYL,01.PZT
79,M_KVCVKBAS,Mete KÜÇÜKBAÞ,(505)8659255,(538)4484023,TÜRKÝYE,KASTAMONU,AZDAVAY,BAHÇELÝEVLER MAH.AYANOÐLU SOKAK NO:526 98049 AZDAVAY/KASTAMONU,13,25784,OYUNCAK VAK. SRT. POLIS ARABASI  ,OYUNCAK,OYUNCAK,ZEKA GELISTIRICI,OYUNCAKLAR,BEBE OYUNCAK,8,48.0968,384.7742,2019-09-02,11:29:28.0000000,2019,09.EYL,01.PZT
80,A_KOKSALICI,Asiye KÖKSALICI,(541)9831212,(505)9898350,TÜRKÝYE,ADANA,SEYHAN,REÞATBEY MAH.62006. SOKAK NO:533 78105 SEYHAN/ADANA,14,35434,TAMEK KONS.YESIL FASU.1200 GR *12*,TAMEK,GIDA,HAZIR YEMEK-KONSERVE-SALCA,HAZIR YEMEK,TAZE FASULYE KONSERVELERI,6,5.4220,32.5322,2019-07-12,10:00:20.0000000,2019,07.TEM,05.CUM
81,A_KOKSALICI,Asiye KÖKSALICI,(541)9831212,(505)9898350,TÜRKÝYE,ADANA,SEYHAN,REÞATBEY MAH.62006. SOKAK NO:533 78105 SEYHAN/ADANA,14,23134,AILEMLE PEYGAMBERIMI OGRENIYORUM,KITAPLAR,EV,KITAP-DERGI-KIRTASIYE,KITAP,KITAPLAR,3,3.1493,9.4478,2019-07-12,10:00:20.0000000,2019,07.TEM,05.CUM
82,A_KOKSALICI,Asiye KÖKSALICI,(541)9831212,(505)9898350,TÜRKÝYE,ADANA,SEYHAN,REÞATBEY MAH.62006. SOKAK NO:533 78105 SEYHAN/ADANA,14,7264,F 099 FLORA LAVABO VE KUVET FIRCASI,FLORA,TEMIZLIK,EV TEMIZLEYICILER,TUVALET TEMIZLEYICILER,FIRCALAR,2,3.2907,6.5814,2019-07-12,10:00:20.0000000,2019,07.TEM,05.CUM
83,A_KOKSALICI,Asiye KÖKSALICI,(541)9831212,(505)9898350,TÜRKÝYE,ADANA,SEYHAN,REÞATBEY MAH.62006. SOKAK NO:533 78105 SEYHAN/ADANA,14,27502,TITIZ TP-610 EXTRA FIRCA SAPI 120 CM ,TITIZ,TEMIZLIK,EV GERECLERI,EV PLASTIK GERECLERI,PLASTIK,5,8.4806,42.4029,2019-07-12,10:00:20.0000000,2019,07.TEM,05.CUM
84,A_KOKSALICI,Asiye KÖKSALICI,(541)9831212,(505)9898350,TÜRKÝYE,ADANA,SEYHAN,REÞATBEY MAH.62006. SOKAK NO:533 78105 SEYHAN/ADANA,14,44353,SOSYAL BECERILERIN SERISI,KITAPLAR,EV,KITAP-DERGI-KIRTASIYE,KITAP,KITAPLAR,1,2.2993,2.2993,2019-07-12,10:00:20.0000000,2019,07.TEM,05.CUM
85,A_KOKSALICI,Asiye KÖKSALICI,(541)9831212,(505)9898350,TÜRKÝYE,ADANA,SEYHAN,REÞATBEY MAH.62006. SOKAK NO:533 78105 SEYHAN/ADANA,14,1855,OB.D.FIR. PRO EXPERT STAGES 2-4 *96*,ORAL B,KOZMETIK,AGIZ BAKIM,DIS FIRCALARI-IPLER,FIRCALAR,2,19.6603,39.3205,2019-07-12,10:00:20.0000000,2019,07.TEM,05.CUM
86,E_SAYLAM,Emrah SAYLAM,(536)1518788,(541)2066518,TÜRKÝYE,KAHRAMANMARAÞ,KAHRAMANMARAÞ MERKEZ,KANUNÝ MAH.38012. SOKAK NO:475 103982 KAHRAMANMARAÞ MERKEZ/KAHRAMANMARAÞ,15,25752,"PEROS YUZEY TEM. 2,5 LT PEMBE DUSLER *6*",PEROS,DETERJAN,EV TEMIZLEYICILER,YUZEY TEMIZLEYICILER,SIVI,3,9.3591,28.0772,2019-12-27,08:17:40.0000000,2019,12.ARA,05.CUM
87,E_SAYLAM,Emrah SAYLAM,(536)1518788,(541)2066518,TÜRKÝYE,KAHRAMANMARAÞ,KAHRAMANMARAÞ MERKEZ,KANUNÝ MAH.38012. SOKAK NO:475 103982 KAHRAMANMARAÞ MERKEZ/KAHRAMANMARAÞ,15,12582,VAKUMDA SURTMELI TASIYICI TIR.,OYUNCAK,OYUNCAK,ZEKA GELISTIRICI,OYUNCAKLAR,BEBE OYUNCAK,1,65.5027,65.5027,2019-12-27,08:17:40.0000000,2019,12.ARA,05.CUM
88,E_SAYLAM,Emrah SAYLAM,(536)1518788,(541)2066518,TÜRKÝYE,KAHRAMANMARAÞ,KAHRAMANMARAÞ MERKEZ,KANUNÝ MAH.38012. SOKAK NO:475 103982 KAHRAMANMARAÞ MERKEZ/KAHRAMANMARAÞ,15,14847,TERLIK GEZER ERKEK                    ,TERLIK,EV,TEKSTIL-GIYIM-AKSESUAR,AYAKKABI-TERLIK,AYAK GIYIM,10,8.1342,81.3423,2019-12-27,08:17:40.0000000,2019,12.ARA,05.CUM
89,E_SAYLAM,Emrah SAYLAM,(536)1518788,(541)2066518,TÜRKÝYE,KAHRAMANMARAÞ,KAHRAMANMARAÞ MERKEZ,KANUNÝ MAH.38012. SOKAK NO:475 103982 KAHRAMANMARAÞ MERKEZ/KAHRAMANMARAÞ,15,24234,FORMALI SILGI,KIRTASIYELER,EV,KITAP-DERGI-KIRTASIYE,KIRTASIYE,KIRTASIYE GERECLERI,10,1.4003,14.0034,2019-12-27,08:17:40.0000000,2019,12.ARA,05.CUM
90,E_SAYLAM,Emrah SAYLAM,(536)1518788,(541)2066518,TÜRKÝYE,KAHRAMANMARAÞ,KAHRAMANMARAÞ MERKEZ,KANUNÝ MAH.38012. SOKAK NO:475 103982 KAHRAMANMARAÞ MERKEZ/KAHRAMANMARAÞ,15,3608,PINAR KETCAP 600 GR KATKISIZ TATLI *6*,PINAR,GIDA,HAZIR YEMEK-KONSERVE-SALCA,KETCAP-MAYONEZ,KETCAPLAR,5,9.7886,48.9428,2019-12-27,08:17:40.0000000,2019,12.ARA,05.CUM
91,E_SAYLAM,Emrah SAYLAM,(536)1518788,(541)2066518,TÜRKÝYE,KAHRAMANMARAÞ,KAHRAMANMARAÞ MERKEZ,KANUNÝ MAH.38012. SOKAK NO:475 103982 KAHRAMANMARAÞ MERKEZ/KAHRAMANMARAÞ,15,24458,FLAMME 20X30 KECE 10 RENK,KIRTASIYELER,EV,KITAP-DERGI-KIRTASIYE,KIRTASIYE,KIRTASIYE GERECLERI,5,0.8844,4.4222,2019-12-27,08:17:40.0000000,2019,12.ARA,05.CUM
92,E_SAYLAM,Emrah SAYLAM,(536)1518788,(541)2066518,TÜRKÝYE,KAHRAMANMARAÞ,KAHRAMANMARAÞ MERKEZ,KANUNÝ MAH.38012. SOKAK NO:475 103982 KAHRAMANMARAÞ MERKEZ/KAHRAMANMARAÞ,15,13065,ULKER 1359-3 GOFRET CIK.5'LI *24*,ULKER,SEKERLEME,CIKOLATA-GOFRET,GOFRET,CIKOLATALI,3,5.9768,17.9304,2019-12-27,08:17:40.0000000,2019,12.ARA,05.CUM
93,E_SAYLAM,Emrah SAYLAM,(536)1518788,(541)2066518,TÜRKÝYE,KAHRAMANMARAÞ,KAHRAMANMARAÞ MERKEZ,KANUNÝ MAH.38012. SOKAK NO:475 103982 KAHRAMANMARAÞ MERKEZ/KAHRAMANMARAÞ,15,43188,GUAJ BOYA TUP 7 LI,KIRTASIYELER,EV,KITAP-DERGI-KIRTASIYE,KIRTASIYE,KIRTASIYE GERECLERI,7,1.4215,9.9502,2019-12-27,08:17:40.0000000,2019,12.ARA,05.CUM
94,Y_EMRE,Yunus Emre ÖZÜPEK,(541)2657238,(533)5299268,TÜRKÝYE,KÜTAHYA,TAVÞANLI,MOYMUL MAH.KALE SOKAK NO:294 102242 TAVÞANLI/KÜTAHYA,16,20863,PRIL BUL.MAK.PARLATICI 475 ML *12*,PRIL,DETERJAN,BULASIK YIKAMA,BULASIK MAKINASI URUNLERI,PARLATICI,2,1.3658,2.7317,2020-02-22,17:21:37.0000000,2020,02.ÞUB,06.CMT
95,Y_EMRE,Yunus Emre ÖZÜPEK,(541)2657238,(533)5299268,TÜRKÝYE,KÜTAHYA,TAVÞANLI,MOYMUL MAH.KALE SOKAK NO:294 102242 TAVÞANLI/KÜTAHYA,16,39284,PELUS TISORTLU AYI 40 CM,OYUNCAK,OYUNCAK,ZEKA GELISTIRICI,OYUNCAKLAR,BEBE OYUNCAK,4,64.1546,256.6185,2020-02-22,17:21:37.0000000,2020,02.ÞUB,06.CMT
96,Y_EMRE,Yunus Emre ÖZÜPEK,(541)2657238,(533)5299268,TÜRKÝYE,KÜTAHYA,TAVÞANLI,MOYMUL MAH.KALE SOKAK NO:294 102242 TAVÞANLI/KÜTAHYA,16,25182,TILLO 1013 TEM.SUNGERI,TILLO,TEMIZLIK,BULASIK YIKAMA,BULASIK SUNGERLERI,SUNGERLER,3,0.9250,2.7750,2020-02-22,17:21:37.0000000,2020,02.ÞUB,06.CMT
97,Y_EMRE,Yunus Emre ÖZÜPEK,(541)2657238,(533)5299268,TÜRKÝYE,KÜTAHYA,TAVÞANLI,MOYMUL MAH.KALE SOKAK NO:294 102242 TAVÞANLI/KÜTAHYA,16,10536,BIOBLAS SAC DOK.BOY.SAC KREMI 200 ML *6*,BIOBLAS,KOZMETIK,DUS-BANYO,SAMPUANLAR,SAC KREMLERI,3,15.7015,47.1046,2020-02-22,17:21:37.0000000,2020,02.ÞUB,06.CMT
98,Y_EMRE,Yunus Emre ÖZÜPEK,(541)2657238,(533)5299268,TÜRKÝYE,KÜTAHYA,TAVÞANLI,MOYMUL MAH.KALE SOKAK NO:294 102242 TAVÞANLI/KÜTAHYA,16,5610,ALGIDA MINI NOGGER MP,ALGIDA,SUT,DONDURMA-SUTLU TATLI,DONDURMALAR,KAPLI,5,20.7172,103.5860,2020-02-22,17:21:37.0000000,2020,02.ÞUB,06.CMT
99,Y_EMRE,Yunus Emre ÖZÜPEK,(541)2657238,(533)5299268,TÜRKÝYE,KÜTAHYA,TAVÞANLI,MOYMUL MAH.KALE SOKAK NO:294 102242 TAVÞANLI/KÜTAHYA,16,31275,ULKER 834-9 SAKLIKOY FIND.KRM.100 GR*24*,ULKER,GIDA,BISKUVI-CEREZ,BISKUVI,BISKUVI,4,1.7394,6.9577,2020-02-22,17:21:37.0000000,2020,02.ÞUB,06.CMT
100,Y_EMRE,Yunus Emre ÖZÜPEK,(541)2657238,(533)5299268,TÜRKÝYE,KÜTAHYA,TAVÞANLI,MOYMUL MAH.KALE SOKAK NO:294 102242 TAVÞANLI/KÜTAHYA,16,22166,ORAL B D.MAC.75 ML PRO ONARIM HAS.BEY. *12*,ORAL B,KOZMETIK,AGIZ BAKIM,DIS MACUNLARI,MACUNLAR,7,44.5717,312.0018,2020-02-22,17:21:37.0000000,2020,02.ÞUB,06.CMT
